{
  "resources": [
    "spritea.ac3",
    "spritea.mp3",
    "spritea.m4a"
  ],
  "spritemap": {
    "c2a": {
      "start": 0,
      "end": 5.990770975056689,
      "loop": false
    },
    "c3a": {
      "start": 7,
      "end": 12.990770975056689,
      "loop": false
    },
    "c4a": {
      "start": 14,
      "end": 19.99077097505669,
      "loop": false
    },
    "c5a": {
      "start": 21,
      "end": 26.99077097505669,
      "loop": false
    },
    "c6a": {
      "start": 28,
      "end": 33.99077097505669,
      "loop": false
    },
    "c7a": {
      "start": 35,
      "end": 40.99077097505669,
      "loop": false
    }
  }
}