{
  "resources": [
    "spriteb.ac3",
    "spriteb.mp3",
    "spriteb.m4a"
  ],
  "spritemap": {
    "c2b": {
      "start": 0,
      "end": 5.990770975056689,
      "loop": false
    },
    "c3b": {
      "start": 7,
      "end": 12.990770975056689,
      "loop": false
    },
    "c4b": {
      "start": 14,
      "end": 19.99077097505669,
      "loop": false
    },
    "c5b": {
      "start": 21,
      "end": 26.99077097505669,
      "loop": false
    },
    "c6b": {
      "start": 28,
      "end": 33.99077097505669,
      "loop": false
    },
    "c7b": {
      "start": 35,
      "end": 40.99077097505669,
      "loop": false
    }
  }
}