{
  "resources": [
    "sprite.ac3",
    "sprite.mp3",
    "sprite.m4a"
  ],
  "spritemap": {
    "c2": {
      "start": 0,
      "end": 5.990770975056689,
      "loop": false
    },
    "c3": {
      "start": 7,
      "end": 12.990770975056689,
      "loop": false
    },
    "c4": {
      "start": 14,
      "end": 19.99077097505669,
      "loop": false
    },
    "c5": {
      "start": 21,
      "end": 26.99077097505669,
      "loop": false
    },
    "c6": {
      "start": 28,
      "end": 33.99077097505669,
      "loop": false
    },
    "c7": {
      "start": 35,
      "end": 40.99077097505669,
      "loop": false
    }
  }
}